label,bucket_index,lo_ns,hi_ns,count,cum_count,cum_fraction
interpreter,70,22,23,1,1,1e-06
interpreter,71,23,24,1400,1401,0.001401
interpreter,72,24,25,91800,93201,0.093201
interpreter,73,25,26,354382,447583,0.447583
interpreter,74,26,27,429339,876922,0.876922
interpreter,75,27,28,102910,979832,0.979832
interpreter,76,28,29,14022,993854,0.993854
interpreter,77,29,30,476,994330,0.99433
interpreter,78,30,31,1702,996032,0.996032
interpreter,79,31,32,1917,997949,0.997949
interpreter,80,32,34,718,998667,0.998667
interpreter,81,34,36,234,998901,0.998901
interpreter,82,36,38,56,998957,0.998957
interpreter,83,38,40,32,998989,0.998989
interpreter,84,40,42,85,999074,0.999074
interpreter,85,42,44,34,999108,0.999108
interpreter,86,44,46,26,999134,0.999134
interpreter,87,46,48,32,999166,0.999166
interpreter,88,48,50,27,999193,0.999193
interpreter,89,50,52,29,999222,0.999222
interpreter,90,52,54,26,999248,0.999248
interpreter,91,54,56,23,999271,0.999271
interpreter,92,56,58,9,999280,0.99928
interpreter,93,58,60,15,999295,0.999295
interpreter,94,60,62,17,999312,0.999312
interpreter,95,62,64,23,999335,0.999335
interpreter,96,64,68,279,999614,0.999614
interpreter,97,68,72,149,999763,0.999763
interpreter,98,72,76,35,999798,0.999798
interpreter,99,76,80,15,999813,0.999813
interpreter,100,80,84,15,999828,0.999828
interpreter,101,84,88,7,999835,0.999835
interpreter,102,88,92,8,999843,0.999843
interpreter,103,92,96,11,999854,0.999854
interpreter,104,96,100,12,999866,0.999866
interpreter,105,100,104,2,999868,0.999868
interpreter,106,104,108,4,999872,0.999872
interpreter,107,108,112,5,999877,0.999877
interpreter,108,112,116,2,999879,0.999879
interpreter,109,116,120,7,999886,0.999886
interpreter,110,120,124,8,999894,0.999894
interpreter,111,124,128,6,999900,0.9999
interpreter,112,128,136,9,999909,0.999909
interpreter,113,136,144,14,999923,0.999923
interpreter,114,144,152,2,999925,0.999925
interpreter,115,152,160,2,999927,0.999927
interpreter,116,160,168,6,999933,0.999933
interpreter,117,168,176,4,999937,0.999937
interpreter,118,176,184,6,999943,0.999943
interpreter,119,184,192,5,999948,0.999948
interpreter,120,192,200,1,999949,0.999949
interpreter,121,200,208,2,999951,0.999951
interpreter,122,208,216,2,999953,0.999953
interpreter,123,216,224,1,999954,0.999954
interpreter,128,256,272,2,999956,0.999956
interpreter,131,304,320,1,999957,0.999957
interpreter,135,368,384,2,999959,0.999959
interpreter,139,432,448,1,999960,0.99996
interpreter,177,2176,2304,1,999961,0.999961
interpreter,181,2688,2816,1,999962,0.999962
interpreter,185,3200,3328,1,999963,0.999963
interpreter,188,3584,3712,1,999964,0.999964
interpreter,190,3840,3968,1,999965,0.999965
interpreter,191,3968,4096,1,999966,0.999966
interpreter,192,4096,4352,2,999968,0.999968
interpreter,193,4352,4608,1,999969,0.999969
interpreter,195,4864,5120,1,999970,0.99997
interpreter,196,5120,5376,2,999972,0.999972
interpreter,197,5376,5632,2,999974,0.999974
interpreter,198,5632,5888,2,999976,0.999976
interpreter,200,6144,6400,2,999978,0.999978
interpreter,201,6400,6656,3,999981,0.999981
interpreter,202,6656,6912,2,999983,0.999983
interpreter,204,7168,7424,1,999984,0.999984
interpreter,206,7680,7936,1,999985,0.999985
interpreter,208,8192,8704,2,999987,0.999987
interpreter,209,8704,9216,1,999988,0.999988
interpreter,210,9216,9728,1,999989,0.999989
interpreter,213,10752,11264,3,999992,0.999992
interpreter,214,11264,11776,1,999993,0.999993
interpreter,217,12800,13312,1,999994,0.999994
interpreter,240,32768,34816,1,999995,0.999995
interpreter,242,36864,38912,2,999997,0.999997
interpreter,262,90112,94208,1,999998,0.999998
interpreter,270,122880,126976,2,1000000,1
jit,63,23,24,10,10,1e-05
jit,64,16,17,3236,3246,0.003246
jit,65,17,18,68398,71644,0.071644
jit,66,18,19,229615,301259,0.301259
jit,67,19,20,337218,638477,0.638477
jit,68,20,21,266457,904934,0.904934
jit,69,21,22,80480,985414,0.985414
jit,70,22,23,5248,990662,0.990662
jit,71,23,24,536,991198,0.991198
jit,72,24,25,521,991719,0.991719
jit,73,25,26,213,991932,0.991932
jit,74,26,27,211,992143,0.992143
jit,75,27,28,634,992777,0.992777
jit,76,28,29,1577,994354,0.994354
jit,77,29,30,1583,995937,0.995937
jit,78,30,31,514,996451,0.996451
jit,79,31,32,108,996559,0.996559
jit,80,32,34,77,996636,0.996636
jit,81,34,36,111,996747,0.996747
jit,82,36,38,52,996799,0.996799
jit,83,38,40,157,996956,0.996956
jit,84,40,42,51,997007,0.997007
jit,85,42,44,42,997049,0.997049
jit,86,44,46,48,997097,0.997097
jit,87,46,48,92,997189,0.997189
jit,88,48,50,132,997321,0.997321
jit,89,50,52,200,997521,0.997521
jit,90,52,54,225,997746,0.997746
jit,91,54,56,202,997948,0.997948
jit,92,56,58,165,998113,0.998113
jit,93,58,60,116,998229,0.998229
jit,94,60,62,89,998318,0.998318
jit,95,62,64,104,998422,0.998422
jit,96,64,68,255,998677,0.998677
jit,97,68,72,431,999108,0.999108
jit,98,72,76,337,999445,0.999445
jit,99,76,80,175,999620,0.99962
jit,100,80,84,58,999678,0.999678
jit,101,84,88,36,999714,0.999714
jit,102,88,92,22,999736,0.999736
jit,103,92,96,15,999751,0.999751
jit,104,96,100,15,999766,0.999766
jit,105,100,104,4,999770,0.99977
jit,106,104,108,6,999776,0.999776
jit,107,108,112,6,999782,0.999782
jit,108,112,116,3,999785,0.999785
jit,109,116,120,5,999790,0.99979
jit,110,120,124,8,999798,0.999798
jit,111,124,128,12,999810,0.99981
jit,112,128,136,11,999821,0.999821
jit,113,136,144,13,999834,0.999834
jit,114,144,152,7,999841,0.999841
jit,115,152,160,14,999855,0.999855
jit,116,160,168,28,999883,0.999883
jit,117,168,176,25,999908,0.999908
jit,118,176,184,15,999923,0.999923
jit,119,184,192,15,999938,0.999938
jit,120,192,200,6,999944,0.999944
jit,121,200,208,7,999951,0.999951
jit,122,208,216,4,999955,0.999955
jit,123,216,224,7,999962,0.999962
jit,124,224,232,5,999967,0.999967
jit,125,232,240,1,999968,0.999968
jit,128,256,272,2,999970,0.99997
jit,134,352,368,1,999971,0.999971
jit,157,928,960,1,999972,0.999972
jit,184,3072,3200,2,999974,0.999974
jit,186,3328,3456,1,999975,0.999975
jit,192,4096,4352,3,999978,0.999978
jit,195,4864,5120,1,999979,0.999979
jit,196,5120,5376,5,999984,0.999984
jit,197,5376,5632,6,999990,0.99999
jit,199,5888,6144,1,999991,0.999991
jit,200,6144,6400,3,999994,0.999994
jit,201,6400,6656,2,999996,0.999996
jit,204,7168,7424,2,999998,0.999998
jit,215,11776,12288,1,999999,0.999999
jit,261,86016,90112,1,1000000,1
